,epoch_losses,elapsed_time
0,1.820205244954427,17.41836845688522
1,1.0519970073541005,34.80629590898752
